Name,Company,Launched,Gender,Perfumer,TopNotes,MiddleNotes,BaseNotes
"No. 5",Chanel,1921,Feminine,Ernest Beaux,Ylang-Ylang / Neroli / Aldehydes,Jasmine / Mayrose,Sandalwood / Vetiver
"No. 22",Chanel,1922,Feminine,Ernest Beaux,Aldehydes,Jasmine / Tuberose / Ylang-Ylang / Rose,Vetiver / Vanilla / Incense
"No. 19",Chanel,1971,Feminine,Henri Robert,Galbanum / Bergamot / Neroli / Hyacinth,Rose / Orris / Jasmine / Narcissus / Muguet / Ylang-Ylang,Musk / Sandal / Oakmoss / Leather / Cedarwood
"Cristalle Eau de Toilette",Chanel,1974,Feminine,Henri Robert,Sicilian Lemon / Bergamot,Rosewood / Hyacinth,Oakmoss / Vetiver
"Coco",Chanel,1984,Feminine,Jacques Polge,Angelica / Mimosa / Frangipani / Mandarin,Cascarilla / Orange Flower / Bulgarian Rose / Jasmine,Labdanum / Ambrette Seed / Opopanax / Benzoin / Tonka / Vanilla
"Coco Mademoiselle",Chanel,2001,Feminine,Jacques Polge,Orange / Bergamot / Grapefruit,Litchi / Rose / Italian Jasmine,Indonesian Patchouli / Haitian Vetiver / Bourbon Vanilla / White Musk
"Cristalle Eau de Parfum",Chanel,1993,Feminine,Jacques Polge,Mandarin / Peach / Lily of the Valley / Sicilian Lemon / Bergamot,Jasmine / Iris / Rosewood / Hyacinth,Vetiver / Oakmoss
"Allure Homme",Chanel,1999,Masculine,Jacques Polge,Bergamot / Mandarin / Citron Zest,Jamaican Pepper,Vetiver / Patchouli / Sandalwood / Cedarwood / Tonka Bean / Labdanum
"Antaeus",Chanel,1981,Masculine,Jacques Polge,Clary Sage / Myrtle,Patchouli / Sandalwood,Labdanum / Beeswax Absolute
"Chanel Pour Monsieur",Chanel,1955,Masculine,Henri Robert,Neroli / Lemon / Petitgrain.,Cardamom.,Cedarwood / Oakmoss / Vetiver.
"Chanel Pour Monsieur Concentrée",Chanel,1989,Masculine,Jacques Polge,Mandarine / Lavender / Petitgrain,Cardamom / Nutmeg.,Oakmoss / Vetiver / Opoponax / Vanilla
"Égoïste / L'Égoïste",Chanel,1990,Masculine,Jacques Polge,Sicilian Tangerine / Brazilian Rosewood.,Coriander / Damask Rose,Sandalwood / Vanilla / Ambrette seed
"Platinum Égoïste",Chanel,1993,Masculine,Jacques Polge / Francois Demachy,Lavender / Rosemary / Petitgrain,Clary Sage / Geranium / Galbanum,Vetiver / Cedarwood / Labdanum / Treemoss
"Allure Homme Sport",Chanel,2004,Masculine,Jacques Polge,Aldehydes / Mandarin / Orange / Aquatic Note,Black Pepper / Neroli / Cedar,Tonka / Vetiver / Amber / White Musk
"Allure Sensuelle",Chanel,2005,Feminine,Jacques Polge,Bergamot / Mandarin Orange / Pink Pepper,Jasmine / Rose / Iris / Candied Fruit / Vetiver,French Vanilla / Amber / Patchouli / Frankincense / "Sensual Note"
"Chance Eau Fraîche",Chanel,2007,Feminine,Jacques Polge,Citron / Water Hyacinth,Jasmine Absolute / White Musk,Vetiver / Amber / Patchouli / Teak
"No. 46",Chanel,Unknown,Feminine,,Bergamot / Orange / Neroli,Rose / Lily of the valley-ylang-jasmin,Vetiver / Orris / Sandalwood / Coumarin / Vanilla infusion / Musk
"Chance Eau Tendre",Chanel,2010,Feminine,Jacques Polge,Grapefruit / Quince,Hyacinth / Jasmine,Amber / Cedar / Iris / White musk
"No. 19 Poudré",Chanel,2011,Feminine,Jacques Polge,Mandarin / Neroli,Iris / Jasmine / Galbanum / Vetiver / Hyacinth,Musk / Tonka bean
"Coco Mademoiselle L'Extrait",Chanel,2012,Feminine,Jacques Polge,Sicilian orange / Calabrian bergamot,May rose / Jasmine / Florentine iris,Patchouli / Vetiver / Bourbon vanilla / White musk
"Coco Noir",Chanel,2012,Feminine,Jacques Polge,Grapefruit / Bergamot,Rose / Jasmine / Indonesian patchouli,Sandalwood / Brazilian Tonka bean / White musk
"1932",Chanel,2013,Feminine,Jacques Polge,Aldehydes / Bergamot / Neroli,Jasmine / Rose / Lilac / Carnation / Ylang-ylang,Vetiver / Sandalwood / Opoponax / Orris root / Coumarin / Ambrette / Musk / Incense / Vanilla / Iralia
"Miss Dior",Christian Dior,1947,Feminine,Jean Carles / Serge Heftler Louiche,Galbanum,Jasmine,Patchouli
"Diorissimo",Christian Dior,1956,Feminine,Edmond Roudnitska,Muguet / Ylang-Ylang,Amaryllis / Boronia,Jasmine
"Dioressence",Christian Dior,1969,Feminine,Guy Robert,Violet / Rosebud,Geranium,Cinnamon / Patchouli
"Diorella",Christian Dior,1972,Feminine,Edmond Roudnitska,Sicilian Lemon / Peach / Asil / Italian Bergamot / Melon / Green Notes,Honeysuckle / Jasmine / Violet / Rose Bud / Carnation / Cyclamen / Oakmoss,Vanilla / Clove / Sandalwood / Vetiver / Musk / Patchouli
"Dolce Vita",Christian Dior,1995,Feminine,Pierre Bourdon,Rose / Magnolia / Muguet,Apricot / Peach / Cinnamon,Sandalwood / Vanilla / Heliotrope
"Eau de Dolce Vita",Christian Dior,1998,Feminine,,Citrus notes / Pear blossom,Jasmine petals / Peony / Freesia / White Pepper,Sandalwood / Soft vanilla
"Hypnotic Poison",Christian Dior,1998,Feminine,Annick Menardo,Caraway / Bitter Almond,Jasmine Sambac / Moss,Jacarander Wood / Vanilla / Musk
"Dune pour Homme",Christian Dior,1997,Masculine,Olivier Cresp,Fig Leaves / Basil Leaves / Blackcurrant Leaves / Mandarin,New Hedione / Moss / Sage,Fig tree wood / Sandalwood / Cedarwood / Tonka Bean
"Eau Sauvage",Christian Dior,1966,Masculine,Edmond Roudnitska,Lemon / Rosemary,Petitgrain / Basil,Vetiver
"Eau Sauvage Extrême",Christian Dior,1982,Masculine,,Lavender / Rosemary,Genista,Cedarwood / Cistus
"Fahrenheit",Christian Dior,1988,Masculine,Jean-Louis Sieuzac / Maurice Roger,Hawthorn / Honeysuckle,Sandalwood,Lenstiscus / Styrax (Benzoin)
"Higher",Christian Dior,2001,Masculine,Olivier Gillotin / Olivier Pescheux,Citrus notes / Basil / Pear,Spicy notes / Cypress / Rosemary flower,Pear tree wood / Musk
"Jules",Christian Dior,1980,Masculine,,Galbanum,Black Pepper,Cedarwood / Sandalwood / Russian Leather
"Fahrenheit 0 Degrés",Christian Dior,2002,Masculine,Bertrand Duchaufour,Citrus,Violet / Freesia / Sandal,Patchouli / Cedar
"Higher Black",Christian Dior,2002,Masculine,Olivier Gillotin / Olivier Pescheux,Citrus notes / Basil / Pear,Spicy notes / Cypress / Rosemary flower,Pear tree wood / Musk
"Dior Addict Eau Fraîche",Christian Dior,2004,Feminine,Thierry Wasser,Mandarin / Mandarin Leaf / Vanilla / Bergamot,Gardenia / Bulgarian Rose / Tuberose / Jasmine,Rosewood / Sandalwood
"Dior Addict "Dior Twist"",Christian Dior,2004,Feminine,,Mandarin Leaf / Silk Tree Flower,Bulgarian Rose / Orange Blossom / Night Queen Flower,Bourbon Vanilla / Mysore Sandalwood / Tonka Bean
"Forever and Ever Dior",Christian Dior,2006,Feminine,,Ivy leaves / Freesia petals / Water jasmine,Rose / Almond blossoms / Geranium,Vanilla / Musk / Ambrette seeds
"Fahrenheit 32",Christian Dior,2007,Masculine,Francois Demachy,Orange Blossom,Vetiver,Vanilla
"Midnight Poison",Christian Dior,2007,Feminine,,Bergamot / Orange,Rose,Patchouli / Amber
"Miss Dior Cherie Eau de Printemps",Christian Dior,2008,Feminine,,Blood Orange Essence / Calabrain Bergamot,Jasmine Absolute / Orange Blossom / Rose,Patchouli
"Bronze Sweet Sun",Christian Dior,Unknown,Feminine,,Mandarin / Orange,Jasmine / Tiare flower,Ginger / Musk / Vanilla
"Hypnotic Poison Eau Sensuelle",Christian Dior,2011,Feminine,,Ylang-Ylang / Orange Blossom,Tuberose / Vanilla / Orchid,Sandalwood / Musk
"Granville",Christian Dior,2010,Shared / Unisex / Unspecified,François Demachy,Lemon / Mandarin / Thyme,Rosemary / Pine / Gorse,Black Pepper / Sandalwood / Oakmoss
"Escale aux Marquises",Christian Dior,2010,Shared / Unisex / Unspecified,François Demachy,Blood orange / Pink pepper / Cardamom / Pepper / Amalfi lemon / Tiare flower,Cinnamon / Ginger / Clove / Nutmeg / Coriander / Elemi resin,Benzoin / Vanilla
"Eau Sauvage Extrême (new / Intense)",Christian Dior,2010,Masculine,,Sicilian Lemon,Lavender of Vaucluse,Virginia Cedar
"Miss Dior Eau Fraîche",Christian Dior,2012,Feminine,François Demachy,Bergamot / Fresh Notes,Gardenia / Floral Notes,Patchouli / Sweet Notes
"Aqua Fahrenheit",Christian Dior,2011,Masculine,François Demachy,Citruses / tangerine / Grapefruit,Violet leaf / basil / Mint,Vetiver from Haiti / Leather
"Dior Addict to Life",Christian Dior,2011,Feminine,François Demachy,Pomegranate / Raspberry / Peach,Rose / Jasmine / Lily of the valley,Cedar / White musk
"Eau Sauvage Parfum",Christian Dior,2012,Masculine,François Demachy,Bergamot,Myrrh,Vetiver
"Escale a Parati",Christian Dior,2012,Shared / Unisex / Unspecified,François Demachy,Bitter orange / Lemon / Petitgrain,Rosewood / Mint / Cinnamon / Red berries,Tonka bean / Woods
"Grand Bal",Christian Dior,2012,Feminine,François Demachy,Bergamot / Jasmine,Ylang Ylang / Tunisian orange blossom,New Caledonia sandalwood / Musk
"Oud Ispahan",Christian Dior,2012,Shared / Unisex / Unspecified,François Demachy,Labdanum,Indonesian Patchouli,Laotian Oud Essence / Turkish Rose / Sandalwood
"Dior Addict Eau Sensuelle",Christian Dior,2012,Feminine,François Demachy,Rose,Jasmine,Musk / Cedar
"Miss Dior Le Parfum",Christian Dior,2012,Feminine,François Demachy,Mandarin,Bulgarian rose / Turkish rose,Patchouli / Amber / Vanilla
"Hypnotic Poison Eau Secrète",Christian Dior,2013,Feminine,François Demachy,Sicilian mandarin / Orange / Calabrian bergamot,Sambac jasmine / Tunisian neroli,Vanilla
"Miss Dior Eau De Toilette",Christian Dior,2013,Feminine,François Demachy,Tunisian neroli,Bulgarian rose / Turkish rose,Indonesian patchouli
"Noir Epices",Editions de Parfums Frederic Malle,2000,Shared / Unisex / Unspecified,Michel Roudnitska,Orange / Rose / Geranium,Nutmeg / Cinnamon / Clove / Pepper,Patchouli / Cedarwood / Sandalwood
"Le Parfum de Thérèse",Editions de Parfums Frederic Malle,2000,Feminine,Edmond Roudnitska,Mandarin / Melon / Jasmine / Pepper.,Violet / Rose / Plum / Nutmeg.,Cedar / Vetiver / Leather
"Iris Poudre",Editions de Parfums Frederic Malle,2000,Shared / Unisex / Unspecified,Pierre Bourdon,Bergamot / Orange / Rosewood / Ylang-Ylang / Carnation.,Magnolia / Jasmine / Muguet / Violetta-Rose / Aldehydes,Iris / Musk / Amber / Vanilla / Sandalwood / Ebony.
"Musc Ravageur",Editions de Parfums Frederic Malle,2000,Shared / Unisex / Unspecified,Maurice Roucel,Lavender / Bergamot,Clove / Cinnamon,Gaiac wood / Cedar / Sandalwood / Vanilla / Tonka / Musk
"Lys Méditerranée",Editions de Parfums Frederic Malle,2000,Shared / Unisex / Unspecified,Edouard Flechier,Ginger Lily / Lily of the Valley (Muguet),Angelica Root / Orange Flower / Water Lily,Musk
"Une Fleur de Cassie",Editions de Parfums Frederic Malle,2000,Shared / Unisex / Unspecified,Dominique Ropion,Cassie / Mimosa / Jasmine / Clove / Cumin / Bergamot,Rose / Violet / Apricot / Aldehyde / Salicylate / ,Musk Cetone / Cedarwood / Sandalwood.
"Dans Tes Bras",Editions de Parfums Frederic Malle,2008,Feminine,Maurice Roucel,Bergamot / Clove / Violet / Jasmine,Sandalwood / Patchouli / Incense / Cashmeran,Heliotrope / White musk
"Géranium pour Monsieur",Editions de Parfums Frederic Malle,2009,Masculine,Dominique Ropion,Mint / Pepper mint / Geranium / Rhodinol / Anethol / Floralzone,Cinnamon / Clove Oil,White Musk Cocktail / Ambroxan / Sandalwood / Incense / Syrax
"Eau de Givenchy",Givenchy,1980,Feminine,,Bergamot / Spearmint / Fruity notes,Muguet / Jasmin / Rose / Cyclamen,Moss / Sandal / Cedar / Musk
"Extravagance D'Amarige",Givenchy,1998,Feminine,Michel Gerard,Green Mandarin / Tagete / Pink Peppercorn,Jasmine / Orange Blossom / Violet Leaves,Sandalwood / Cedarwood / Musk / Ambrox
"Givenchy Gentleman",Givenchy,1974,Masculine,Paul Lèger,Tarragon / Cinnamon,Patchouli / Vetiver,Civet / Russian Leather
"Insensé",Givenchy,1993,Masculine,Daniel Moliere,Blackcurrant / Mandarin / Basil.,Magnolia / Lily of the Valley / Iris / Lentiscus.,Firbalsam
"Insensé Ultramarine",Givenchy,1994,Masculine,,Water fruits / Galbanum.,Cardamom / Mint Leaves.,Cedar / Vetiver / Tobacco.
"Monsieur de Givenchy",Givenchy,1959,Masculine,,Hesperidian Notes,Lavender / Verbena,Oakmoss / Sandalwood
"Pi",Givenchy,1999,Masculine,Alberto Morillas,Citrus / Aromatic / Green / Floral,Magnetic Wood,Benzoin Crystals
"Pi Fraiche",Givenchy,2001,Masculine,Alberto Morillas,Tangerine / Jasmine / ,Amber,Benzoin / Woody Notes
"Xeryus",Givenchy,1986,Masculine,,Grapefruit / Artemisia,Cypress / Gaiac wood / Chinese Cypriol,Amber
"Xeryus Rouge",Givenchy,1995,Masculine,Annick Menardo,Kumquat / Cactus Flesh / Tarragon.,Cedar Leaf / Red Pepper / African Geranium.,Sandalwood / Cedar
"Givenchy pour Homme",Givenchy,2002,Masculine,Alberto Morillas / Elias Ermenedis,Cool Grapefruit / Mandarin / Violet,Lush fruits / Exotic Spices / Floral notes,Warm woods / Vetiver
"Into the Blue",Givenchy,2002,Shared / Unisex / Unspecified,Mark Buxton,Winter Bergamot / Nettle Flower / ,Sweet Pea / White Orchid.,Luminous Woody Base
"Insensé Ultramarine Aromatic Ocean - Morning Surf",Givenchy,2002,Masculine,,Citrus,Cinnamon,Sandalwood
"Insensé Ultramarine Aromatic Ocean - Evening Dream",Givenchy,2002,Masculine,,Citrus,Cinnamon,Sandalwood
"Insensé Ultramarine Aromatic Ocean - Midnight Swim",Givenchy,2002,Masculine,,Cinnamon,Cypress,Sandalwood
"Givenchy pour Homme Blue Label",Givenchy,2004,Masculine,,Grapefruit / Hedione / Bergamot,Cardamom / Davana / Pepper,Olibanum / Vetiver / Cedar
"Eau Torride",Givenchy,2002,Shared / Unisex / Unspecified,,Mandarin / Bergamot / Lemon,Jasmine,Sandalwood / Bamboo
"Ange ou Démon",Givenchy,2006,Feminine,Françoise Donche / Olivier Cresp / Jean-Pierre Bethouart,White thyme / Mandarin  from Calabria and Essence of Saffron,Maxillaria orchid / Lily / Ylang ylang,Tonka bean / Vanilla / Rosewood / Oak wood absolute
"Pi Neo",Givenchy,2008,Masculine,Antoine Lie,Bergamot / Mandarin,Myrtle / Cedarwood,Patchouli
"Ange ou Démon Le Secret",Givenchy,2009,Feminine,Bernard Ellena,Italian winter lemon / Cranberry / Green tea leaves,Sambac jasmine / White peony / Water flowers,Blond woods / Patchouli
"Play for Her",Givenchy,2010,Feminine,Emilie Coppermann / Lucas Sieuzac / Françoise Donche,Pink peppercorns / White peach / Bergamot / Sweet pea,Amyris wood / Tiare flower / Magnolia leaf / Magnolia flower,Sandalwood / Musks
"Play Intense for Her",Givenchy,2010,Feminine,Emilie Coppermann / Lucas Sieuzac / Françoise Donche,Pink peppercorns / Orange flower,Amyris wood / Tiare flower / Orchid,Sandalwood / Patchouli / Tonka bean
"Le Bouquet Absolu",Givenchy,2011,Feminine,,Bergamot / Neroli / Wild berries,Jasmine / Vanilla orchid / Rose,Musk / Ambergris / Juniper
"Dahlia Noir",Givenchy,2011,Feminine,,Pink pepper / Mandarin / Mimosa,Rose / Iris / Patchouli / Rose,Sandalwood / Vanilla / Tonka bean
"Very Irrésistible Givenchy Electric Rose",Givenchy,2012,Feminine,,Blueberry / Lemon / Basil / Verbena,Rose / Anise / Green violet,Cedar / Musk
"Very Irrésistible L'Intense",Givenchy,2011,Feminine,,Plum,Turkish Rose,Patchouli / White Musk
"Givenchy Play Sport",Givenchy,2012,Masculine,,Bergamot / Ginger / Mint / Lemon leaf,Amirys wood / Pepper,Musk
"Ange ou Démon Tendre",Givenchy,2008,Feminine,,Mandarin / Lily of the Valley / Orange Blossom,Lily / Peony / Heliotrope,Rosewood / Patchouli
"Very Irrésistible Tropical Paradise",Givenchy,2011,Feminine,,Anise / Mint,Passion fruit / Rose,Sandalwood / Musk
"Givenchy Play Summer Vibrations",Givenchy,2010,Masculine,,Coriander leaf / Citrus,Black pepper / Sea spray accord,Amyris wood
"Dahlia Noir Eau de Toilette",Givenchy,2012,Feminine,François Demachy,Mandarin / Peach / Lemon,Rose / Atlas Cedar / Pink pepper,Vanilla / Tonkin Musk / Ambergris / Sandalwood
"Eaudemoiselle de Givenchy Bois de Oud",Givenchy,2012,Feminine,,Mandarin,Turkish rose / Orange blossom,Cedar / Olibanum / Amber / Vanilla / Oud
"Very Irrésistible Poesie d'un Parfum d'Hiver",Givenchy,2011,Feminine,,Gingerbread / Honey / Candied orange,Star anise / Cinnamon / Rose,Vanilla
"Eaudemoiselle de Givenchy Eau Florale",Givenchy,2012,Feminine,,Pear / Pink grapefruit,Japanese wild rose / Jasmine,Blonde woods / Musk
"Very Irrésistible Sensual",Givenchy,2005,Feminine,Dominique Ropion,Peony,Rose / Star anise,Patchouli / Vanilla
"Gentlemen Only",Givenchy,2013,Masculine,,Birch leaf / Green mandarin / Nutmeg / Pink pepper,Cedar / Patchouli / Vetiver,Animalic notes / Frankincense
"Dahlia Noir L'Eau",Givenchy,2013,Feminine,François Demachy,Citrus / Neroli,Rose,Patchouli / Cedar / Musk
"Bloom",Givenchy,2013,Feminine,,Raspberry / Caviar,Iris / Violet / Tiare,Woods / Incense / Musk
"Après L'ondée",Guerlain,1906,Feminine,Jacques Guerlain,Aniseed / Hesperidic notes / Rose,Violet / Hawthorn,Iris root
"Mitsouko",Guerlain,1919,Feminine,Jacques Guerlain,Bergamot / Rose,Jasmin / Spices / Peach,Oakmoss / Woody notes
"L'Heure Bleue",Guerlain,1912,Feminine,Jacques Guerlain,Neroli,Carnation / Iris,Vanilla
"Liù",Guerlain,1929,Feminine,Jacques Guerlain,Aldehydes / Rose,Neroli / Jasmine / Rose,Iris / Woody notes / Vanilla
"Vol de Nuit",Guerlain,1933,Feminine,Jacques Guerlain,Hesperedic Notes / Narcissus,Galbanum / Oakmoss / Green notes,Wood / Iris / Vanilla / Spices
"Shalimar",Guerlain,1925,Feminine,Jacques Guerlain,Bergamot,Iris / Jasmine / Rose,Vanilla / Opoponax / Tonka bean
"Chant DArômes",Guerlain,1962,Feminine,Jean Paul Guerlain,Hesperidic notes / Honeysuckle,Gardenia / Jasmine / Ylang-ylang,Sandalwood / Oakmoss / Vanilla
"Chamade",Guerlain,1969,Feminine,Jean Paul Guerlain,Hyacinth / Jasmine,Ylang-Ylang / Blackcurrant bud / Galbanum,Vanilla / Woody notes / Balsamic notes
"Parure",Guerlain,1975,Feminine,Jean Paul Guerlain,Hesperidic notes / Plum,Rose / Jasmine / Lilac,Oakmoss / Spices / Wood
"Nahéma",Guerlain,1979,Feminine,Jean Paul Guerlain,Rose,Fruit,Vanilla / Wood
"Samsara",Guerlain,1989,Feminine,Jean Paul Guerlain,Jasmine / Ylang Ylang,Jasmine / Sandalwood / Narcissus,Tonka / Iris / Vanilla
"Petit Guerlain",Guerlain,1994,Feminine,Jean Paul Guerlain,Lavender / Hesperidic Notes,Mimosa / Jasmine / Rose,Tonka Bean
"Aqua Allegoria Flora Nerolia",Guerlain,2000,Feminine,Jean Paul Guerlain,Neroli / Petitgrain,Jasmine / Orange Blossom,Incense
"Metalys / Metallica",Guerlain,2000,Feminine,Jean Paul Guerlain,Vanilla,Ylang-Ylang / Orange Blossom / Carnation,Iris / Tonka Bean
"Mayotte / Mahora",Guerlain,2000,Feminine,Jean Paul Guerlain,Green and Fresh,Tuberose / Frangipani blossoms / Neroli / Ylang-Ylang / Jasmine,Vetiver / Vanilla / Sandalwood
"Philtre d'Amour",Guerlain,2000,Feminine,Jean Paul Guerlain,Lemon / Bergamot / Verbana,Jasmine / Petigrain / Neroli / Myrtle,Patchouli
"Aqua Allegoria Gentiana",Guerlain,2001,Feminine,,Bergamot / Grapefruit / Limette / Lime,Bitter orange / Gentian / Pear,Vanilla / Musks
"Champs-Elysées",Guerlain,1904,Feminine,Jacques Guerlain,Mimosa Leaf / Almond Blossom / Rose,Buddleia / Mimosa Blossom,Almond Wood / Hibiscus / Hibiscus Seed
"Aqua Allegoria Herba Fresca",Guerlain,1999,Shared / Unisex / Unspecified,Mathilde Laurent,Clover Leaf / Italian Lemon,Spearmint / Green Tea,Lily of the Valley / Cyclamen / Pear Flower
"Aqua Allegoria Lavande Velours",Guerlain,1999,Shared / Unisex / Unspecified,Jean Paul Guerlain,Lavender,Lavender / Violet / Sandalwood,Woody / Irridescent Lavender
"Aqua Allegoria Pamplelune",Guerlain,1999,Shared / Unisex / Unspecified,Mathilde Laurent,Acidulous Grapefruit / Bergamot,Neroli / Petitgrain / Cassis,Patchouli / Vanilla
"Aqua Allegoria Winter Delice",Guerlain,2000,Shared / Unisex / Unspecified,,Fir Trees,Scotch Pine / Balsam,Somalian Incense / Sugar and Vanilla
"Coriolan",Guerlain,1998,Masculine,Jean Paul Guerlain,Lemon tree leaves / Bergamot,Juniper / Absinthe / Coriander / Nutmeg / Juniper,Oakmoss / Patchouli / Everlasting flower
"Derby",Guerlain,1985,Masculine,Jean Paul Guerlain,Bergamot / Lemon / Artemisia / Peppermint,Pimento / Rose / Pepper / Mace / Jasmin,Leather / Vetiver / Sandal / Patchouli / Moss
"Eau de Guerlain",Guerlain,1974,Shared / Unisex / Unspecified,Jean Paul Guerlain,Lemon / Bergamot / Basil / Petitgrain / Caraway,Rose / Jasmin / Patchouli / Carnation / Sandal,Amber / Moss / Musk
"Eau de Cologne Impériale",Guerlain,1853,Shared / Unisex / Unspecified,Pierre-François-Pascal Guerlain,Bergamot / Neroli / Verbena / Lemon / Orange,Lavender,Cedarwood / Tonka Bean
"Habit Rouge",Guerlain,1965,Masculine,Jean Paul Guerlain,Bergamot / Lemon / Rosewood / Basil / Pimento,Sandal / Carnation / Patchouli / Cedar / Rose / Cinnamon,Vanilla / Amber / Moss / Leather / Benzoin / Labdanum / Olibanum
"Héritage",Guerlain,1992,Masculine,Jean Paul Guerlain,Lemon / Lavender / Bergamot,Coriander / Pink peppercorn,Patchouli / Cerdarwood / Tonka beans / Vanilla
"Jicky",Guerlain,1889,Shared / Unisex / Unspecified,Aimé Guerlain,Lemon / Mandarin / Bergamot / Rosewood,Orris / Jasmin / Patchouli / Rose / Vetiver,Leather / Amber / Civet / Tonka / Incense / Benzoin
"Vetiver",Guerlain,1961,Masculine,Jean Paul Guerlain,Bergamot / Lemon / Mandarin / Neroli / Coriander,Vetiver / Cedar,Tobacco / Nutmeg / Pepper / Tonka bean / Capiscum
"Vetiver Eau Glacée",Guerlain,2004,Masculine,Jean Paul Guerlain,Lime / Orange / Bergamot,Neroli / Pepper / Nutmeg,Tonka / Vetiver
"Love is all",Guerlain,2005,Feminine,,Mandarin / Pink pepper,Orange Blossom / Mimosa / Petals / Iris,Wood notes / Amber
"Lights of Champs-Élysées",Guerlain,2006,Feminine,,Almond flower / Pink peppercorns,Mimosa / Iris wood / Ylang-ylang,Vetiver / Vanilla / Virginia Cedar.
"Vetiver Extreme",Guerlain,2006,Masculine,,Lemon / Bergamot / Artemisia,Olibanum / Pepper / Nutmeg.,Tonka bean / Vétiver / Cedar
"L'Instant d'un Eté pour Homme",Guerlain,2006,Masculine,,Neroli / Star Anise crystals / Yellow and green lemon / Grapefruit / Pink pepper / Elem,Patchouli / Cedarwood / Mysore Sandalwood,Bitter Cocoa Beans / Hibiscus seeds / Tea
"L'Instant d'un Eté",Guerlain,2006,Feminine,,Grapefruit / Bitter Orange,Magnolia / Ylang-ylang / Sambac Jasmine,Vanilla / Benzoin / Musks / Amber
"Nuit d'Amour",Guerlain,2006,Feminine,,Bay Rose / Aldehydes,May Rose / Iris,Powdery Notes / Sandalwood
"My Insolence",Guerlain,2007,Feminine,,Raspberry,Almond Blossom / Jasmine,Patchouli / Vanilla / Tonka Bean
"Cruel Gardenia",Guerlain,2008,Feminine,Randa Hammami / Sylvaine Delacourte,Peach / Neroli / Damask Rose,Ylang-ylang / Gardenia / White Musk / Violet,Tonka Bean / Sandalwood
"Les Elixirs Charnels - Oriental Brûlant",Guerlain,2008,Feminine,Christine Nagel,White almond,Vanilla,Styrax / Tonka bean
"Les Secrets de Sophie",Guerlain,2009,Feminine,Jean Paul Guerlain,Petitgrain / Bigarade Orange / Tunisian Neroli / Bergamot,Orange Blossom / Jasmine / Violet leaves / Ylang-ylang,Tonka bean / Incense / Vanilla / White Musk
"Idylle",Guerlain,2009,Feminine,Thierry Wasser,Lily of the valley / Lilac / Peony / Freesia / Jasmine,Bulgarian roses / Plessis robinson rose,Patchouli / White musk
"Arsène Lupin Dandy",Guerlain,2010,Masculine,Jean Paul Guerlain,Bergamot / Bigarade / Pink peppercorn / Cardamom,Sandalwood / Patchouli,Cistus / Olibanum
"Shalimar Parfum Initial",Guerlain,2011,Feminine,Thierry Wasser,Bergamot / Orange / Green notes,Fruity notes / Rose / Jasmine / Iris,Patchouli / Vetiver / Vanilla / Tonka bean / White musk
"Une Ville, un Parfum : Moscow",Guerlain,2009,Shared / Unisex / Unspecified,,Pine needles / Absinthe / Plum / Redcurrant / Bergamot / Lemon,Jasmine,Tonka bean / Sandalwood / Vanilla / White musk
"Une Ville, un Parfum : New York",Guerlain,2009,Shared / Unisex / Unspecified,,Bergamot,Cinnamon / Cardamom,Cedar / Vanilla
"Une Ville, un Parfum : Tokyo",Guerlain,2009,Shared / Unisex / Unspecified,,Green tea,Jasmine / Violet,Vanilla / Hinoki
"Une Ville, un Parfum : London",Guerlain,2011,Shared / Unisex / Unspecified,,Bergamot / Rhubarb / Grapefruit,Cardamom / Rose / Violet,Vetiver / Black tea / White cedar
"Aqua Allegoria Flora Nymphéa",Guerlain,2010,Feminine,Thierry Wasser,Citrus notes / Green accents / Wild Berries,Orange Blossom / Syringa / Honey,Wood / Musk
"Cherry Blossom Delight",Guerlain,2008,Feminine,Jean Paul Guerlain,Bergamot,Cherry Blossom,Green Tea
"L'Instant Magic Elixir",Guerlain,2009,Feminine,,Bergamot / Flowery notes,Cedar / Sandalwood / Musk,Vanilla / Almonds
"Les Elixirs Charnels - Boisé Torride",Guerlain,2009,Feminine,Christine Nagel,Bergamot / Tangerine / Pink berries,Marshmallow / Orange blossom / Jasmine,Patchouli / White musk / Cedar
"Mon Precieux Nectar",Guerlain,2009,Feminine,Randa Hammami / Sylvaine Delacourte,Petitgrain / Bitter almond,Jasmine / Orange blossom,Woods / Incense / Vanilla / White musk
"Shalimar Ode à la Vanille",Guerlain,2010,Feminine,Thierry Wasser,Lemon / Bergamot,Mayotte vanilla / Madagascar vanilla / rose / Jasmine / Iris,incense / Opoponax / Tonka bean
"Aqua Allegoria Jasminora",Guerlain,2011,Feminine,Thierry Wasser,Galbanum / Bergamot,Cyclamen / Jasmine / Lily of the valley,Musk / Amber
"Myrrhe et Délires",Guerlain,2012,Shared / Unisex / Unspecified,Thierry Wasser,Citrus / Pepper,Patchouli / Somalian myrrh / Iris / Violet / Peach / Rose / Jasmine,Musk / Woody amber / Frankincense
"Guerlain Homme L'Eau Boisée",Guerlain,2012,Masculine,Thierry Wasser,Lime / Mint,Rum,Woods / Vetiver
"Habit Rouge LEau",Guerlain,2011,Masculine,Thierry Wasser,Seville Orange / Hazelnut,Jasmine,Woody Notes / Vanilla
"Idylle Eau Sublime",Guerlain,2011,Feminine,Thierry Wasser,Rosewater / Lychee,Rose / Jasmine / Peach,Patchouli / White Musk
"Shalimar Parfum Initial L'Eau",Guerlain,2012,Feminine,Thierry Wasser,Orange / Bergamot / Grapefruit / Neroli,Damascena rose / Jasmine / Iris,Vanilla / Tonka bean
"Shalimar Parfum Initial L'Eau",Guerlain,2012,Feminine,Thierry Wasser,Orange / Bergamot / Grapefruit / Neroli,Damascena rose / Jasmine / Iris,Vanilla / Tonka bean
"Les Elixirs Charnels - Floral Romantique",Guerlain,2011,Feminine,Thierry Wasser,Mandarin / Orange / Jasmine,Ylang-ylang / Tiaré flower / Carnation / Lily,Cedar / Chestnut / Ambrette / Maté
"La Petite Robe Noire 2012",Guerlain,2012,Feminine,Thierry Wasser,Black cherry / Bergamot / Red berries / Almond,Bulgarian rose / Turkish rose / Licorice / Smoked black tea,Aniseed / Tonka bean / Vanilla / Iris / Patchouli
"Eau de Shalimar",Guerlain,2008,Feminine,Jean Paul Guerlain,Orange / Bergamot / Lime,Rose / Jasmine,Vanilla / Iris / Resin
"Muguet 2012",Guerlain,2012,Feminine,Thierry Wasser,Green Notes,Lilac / Lily of the Valley,Jasmine / Rose
"Les Déserts d'Orient - Encens Mythique d'Orient",Guerlain,2012,Shared / Unisex / Unspecified,Thierry Wasser,Aldehydes / Rose / Saffron,Patchouli / Vetiver,Ambergris / Moss / Frankincense
"Les Déserts d'Orient - Rose Nacrée du Desert",Guerlain,2012,Shared / Unisex / Unspecified,Thierry Wasser,Patchouli / Saffron,Cardamom / Curcuma / Oud,Benzoin / Myrrh
"Les Déserts d'Orient - Songe d'un Bois d'Été",Guerlain,2012,Shared / Unisex / Unspecified,Thierry Wasser,Laurel / Neroli,Jasmine / Patchouli / Saffron / Cedar,Leather / Myrrh
"Le Bolshoï Saison 2012 La Traviata",Guerlain,2012,Feminine,,Bergamot / Petitgrain / Orange / Neroli,Jasmine / Violet,Vanilla / Tonka bean / Incense / White musk
"La Petite Robe Noire Eau De Toilette",Guerlain,2013,Feminine,Thierry Wasser,Rose / Jasmine / Orange blossom,Cherry / Apple / Blackcurrant / Green notes,White amber / Musk notes
"Amazone (original)",Hermès,1974,Feminine,,Bergamot / Geranium / Cassie / Hyacinth,Muguet / Orris / Rose / Jasmin,Cedarwood / Oakmoss / Vetiver / Amber
"Bel Ami",Hermès,1986,Masculine,,Lemon,Ylang-Ylang / Iris,Vanilla / Sandalwood / Vetiver
"Eau d'Orange Verte",Hermès,1979,Shared / Unisex / Unspecified,,Lemon / Mandarin,Papaya / Mango,Oakmoss / Patchouli
"Équipage",Hermès,1970,Masculine,Guy Robert,Rosewood / Bergamot / Lily of the Valley,Carnation / Jasmine / Pine,Tonka / Vetiver / Patchouli
"Rocabar",Hermès,1998,Masculine,Bernard Bourgeois,Juniper Berry / Cedar Needles / Lavender / Nutmeg / Cinnamon,Cypress / Atlas Cedar / Virginia Cedar.,Basalm / Vanilla
"Eau des Merveilles",Hermès,2004,Feminine,Ralf Schwieger / Nathalie Feisthauer,Vetiver / Oak / Cedar,Ambergris,Lemon / Orange / Elemi / Pink Pepper
"Un Jardin sur le  Nil",Hermès,2005,Shared / Unisex / Unspecified,Jean-Claude Ellena,Green Mango / Grapefruit,Calamus / Lotus,Sycamore / Frankincense
"Terre d'Hermès Parfum",Hermès,2009,Masculine,Jean-Claude Ellena,Grapefruit / Orange / Shiso,Flint accord,Woody notes
"Eau Claire des Merveilles",Hermès,2010,Feminine,Jean-Claude Ellena,Citrus / Aldehydes,Floral notes / Spices,Vanilla / Powder / Driftwood
"Hermèssence Santal Massoïa",Hermès,2011,Shared / Unisex / Unspecified,Jean-Claude Ellena,Green Fig,Sandalwood / Massoia bark / Coconut,Sandalwood / Vetiver
"Eau des Merveilles Au Bal des Etoiles",Hermès,2012,Feminine,Jean-Claude Ellena,Bitter orange,Pepper / Oak,Ambergris / Amber
"Eau de Mandarine Ambrée",Hermès,2013,Shared / Unisex / Unspecified,Jean-Claude Ellena,Mandarin,Passion fruit,Amber
"Joy",Jean Patou,1930,Feminine,Henri Alméras,Aldehydes / Peach / Leafy Green,Rose / Jasmine / Ylang-Ylang / Tuberose,Sandalwood / Musk / Civet
"Enjoy",Jean Patou,2003,Feminine,Jean-Michel Duriez,Cassis / Green Banana / Orange / Bergamot / Pear / Mandarin,Bulgarian Rose / Turkish Rose / Hedione / Indian Jasmine,Patchouli / Musk / Vanilla / Amber
"Patou pour Homme",Jean Patou,1980,Masculine,Jean Kerleo,Hot Pepper / Lavender / Tarragon / Black Pepper / Bergamot / Galbanum,Bourbon Vetiver / Cedar / Patchouli / Clary Sage,Oakmoss / Sandalwood / Mysore / Cistus Labdanum
"Voyageur",Jean Patou,1994,Masculine,Jean Kerleo,Grapefruit / Orange,Lavender / Sage,Cedarwood / Sandalwood / Oakmoss
"Sira des Indes",Jean Patou,2006,Feminine,Jean-Michel Duriez,Banana accords / Bergamot / Pear / Pink berries / Cardamom,Floral notes,Musk / Amber / Vanilla / Sandalwood
"Eau de Patou pour Homme",Jean Patou,1976,Masculine,Jean Kerleo,Petitgrain / Orange / Sicilian lemon / Lime,Honeysuckle / Pepper / Tunisian orange blossom / Ylang ylang / Nasturcia,Amber / Musk / Civet / Oak moss
"Clair de Musc",Serge Lutens Les Salons du Palais Royal Shiseido,2003,Feminine,Christopher Sheldrake,Musk / Bergamot / Neroli / Tuscan iris,,
"Daim Blond",Serge Lutens Les Salons du Palais Royal Shiseido,2004,Shared / Unisex / Unspecified,Christopher Sheldrake,Hawthorn / Cardamom,Iris / Apricot Stone / Pallida,Musk / Heliotrope / Leather
"Chêne",Serge Lutens Les Salons du Palais Royal Shiseido,2004,Shared / Unisex / Unspecified,Christopher Sheldrake,Sap notes / Cedar Crystals / Black Thyme,Silver Birch / Rum / Beeswax / Oak,"Undergrowth" note / Tonka
"Chypre Rouge",Serge Lutens Les Salons du Palais Royal Shiseido,2006,Shared / Unisex / Unspecified,Christopher Sheldrake,Thyme / Pine needles,Honey / Beeswax / Jasmine,Patchouli / Vanilla / Moss / Amber / Musks
"Santal Majuscule",Serge Lutens Les Salons du Palais Royal Shiseido,2012,Shared / Unisex / Unspecified,,Rose,Tonka Bean / Rosewood,Sandalwood / Cocoa
"Opium",Yves Saint Laurent,1977,Feminine,Jean-Louis Sieuzac,Mandarin orange / Bergamot / Lily of the valley,Jasmine / Carnation / Myrrh,Vanilla / Patchouli / Opoponaux / Amber
"Baby Doll Paris",Yves Saint Laurent,1999,Feminine,Ralf Schwieger,Grapefruit / Redcurrant / Rhubarb,Rose / Freesia / Spices,Peach / Grenadine / Cedarwood
"Nu Eau de Parfum",Yves Saint Laurent,2001,Feminine,Jacques Cavallier,Bergamot,White Orchid / Black Pepper,Incense Absolut / Woody Notes / Spicy Notes / Vetiver
"Nu Eau de Toilette",Yves Saint Laurent,2002,Feminine,Jacques Cavallier,Bergamot / Coriander,White Orchid / Jasmine Absolute,Incense
"Paris Premières Roses",Yves Saint Laurent,2003,Feminine,Laurent Bruyere,Alba Rose Buds / Orange Blossom / Violet,Centiflora Rose / Muguet / Jasmine,Sandalwood / Vetiver / Musk
"Body Kouros",Yves Saint Laurent,2000,Masculine,Annick Menardo,Incense / Eucalyptus.,Cedarwood from China / Mace,Camphor wood / Benzoin
"Jazz",Yves Saint Laurent,1988,Masculine,Jean-François Latty,Artemisia / Lavender / Bergamot,Nutmeg / Geranium / Carnation / Cinnamon,Sandalwood / Cedarwood / Leather / Amber / Moss
"Jazz Prestige",Yves Saint Laurent,1993,Masculine,,Bergamot / Mint,Geranium / Apple,Sandalwood
"Kouros",Yves Saint Laurent,1981,Masculine,Pierre Bourdon,Clove,Oakmoss,Incense
"Kouros Fraîcheur",Yves Saint Laurent,1993,Masculine,,Bergamot,Orange Blossom / Pineapple,Amber / Patchouli / Vetiver
"Live Jazz",Yves Saint Laurent,1998,Masculine,Pierre Bourdon,Bitter Lemon Peel / Grapefruit / Iced Mint.,Coriander / Wild Reed / Rhubarb Leaf.,Cedarwood / Ambergris / Hint of Vanilla
"Opium pour Homme",Yves Saint Laurent,1995,Masculine,Jacques Cavallier,Star Anise / Blackcurrant,Chinese Galanga / Szechuan Pepper,Bourbon Vanilla / Tolu Balm / Atlas Cedar
"YSL pour Homme",Yves Saint Laurent,1971,Masculine,,Lemon,Thyme,Vetiver
"M7",Yves Saint Laurent,2002,Masculine,Alberto Morillas / Jacques Cavallier,Bergamot / Mandarin / Rosemary,Vetiver / Agarwood,Amber / Musk / Mandrake root.
"Kouros Cologne Sport",Yves Saint Laurent,2003,Masculine,,Frozen Cedrat / Bergamot / Tangerine / Citrus Notes,Jasmine / Cyclamen,Cedarwood / Ambergris
"Rive Gauche pour Homme",Yves Saint Laurent,2003,Masculine,Jacques Cavallier,Bergamot / Star Anise / Rosemary,Lavender / Geranium Leaves / Cloves,Vetiver / Gaiac Wood / Patchouli
"Cinéma",Yves Saint Laurent,2004,Feminine,Jacques Cavallier,Clementine / Almond Blossom / Cyclamen,Amarillys / Sambac jasmin / Peony,Amber / White musks / Bourbon vanilla / Benzoin
"Opium Fleur de Shanghai",Yves Saint Laurent,2005,Feminine,,Mandarin Orange,Magnolia / Star Jasmine / Carnation,Myrrh / Vanilla
"Paris Roses Enchantées",Yves Saint Laurent,2005,Feminine,,Garden Roses / Orange Blossom / Violets,Apricot Rose / Lilac Rose / Muguet,White musks / Sandalwood
"Paris Roses des Vergers Springtime",Yves Saint Laurent,2006,Feminine,,Cherry Blossom / Cyclamen / Black Currant Leaf,Pear Blossom / Tender Rose / Wild Rose,Musks / Sandalwood / Rhodes Wood
"Elle",Yves Saint Laurent,2007,Feminine,Jacques Cavallier / Olivier Cresp,Lychee / Citron / Peony,Jasmin sambac / Pink berries,Vetiver / Patchouli / Woody Notes
"Opium pour Homme Poésie de Chine Eau d'Orient",Yves Saint Laurent,2008,Masculine,,Grapefruit / Bergamot / Star anise,Orange blossom / Nutmeg / White pepper,Vetiver / Sandalwood / Amber
"Baby Doll Honeymoon",Yves Saint Laurent,2009,Feminine,,Passion fruit / Redcurrant / Rhubarb,Passion flower / Jasmine / Wild rose,Musk / Cedar wood
"Parisienne",Yves Saint Laurent,2009,Feminine,,Cranberry / Blackberry,Damask Rose / Violet / Peony / Leather,Patchouli / Vetyver / Musk / Sandalwood
"Elle Shocking",Yves Saint Laurent,2007,Feminine,,Mandarin / Ginger / Peony / Freesia / Jasmine,Floral notes / Raspberry,Musk / Cedar / Patchouli
"Parisienne L'Essentiel",Yves Saint Laurent,2011,Feminine,,Vinyl accord / Pink peppercorn / Blackberry,Damascan rose / Iris / Sambac jasmine,White leather accord / Tonka bean and musk
"L'Homme Libre",Yves Saint Laurent,2011,Masculine,Olivier Polge / Carlos Benaim,Calabria Bergamot / Nutmeg / Pink Pepper,Violet Leaf Accord / Grand Vert Basil / Star Anise,Indonesia Patchouli / Haiti Vetiver / Leather
"M7 Oud Absolu",Yves Saint Laurent,2011,Masculine,Alberto Morillas / Jacques Cavallier,Mandarin Orange / Mineral Notes,Oud / Patchouli,Rockrose / Myrrh / Amber Notes
"La Nuit de L'Homme Le Parfum",Yves Saint Laurent,2010,Masculine,,Bergamot / Anise / Pepper,Lavender / Labdanum / Fruity notes,Vetiver / Patchouli / Vanilla
"L'Homme Cologne Gingembre",Yves Saint Laurent,2011,Masculine,,Calabrian bergamot / Ozone aquatic accords,Chinese ginger / White pepper / Basil,Cedar / Oak moss / Vetiver / Musk
"Opium Vapeurs de Parfum",Yves Saint Laurent,2012,Feminine,,Mandarin / Pink pepper,Orange blossom / Jasmine,Incense / Amber / Nutmeg / Vanilla / Woods
"Parisienne L'Eau",Yves Saint Laurent,2012,Feminine,,Rose / Green freshness / Vinyl accord,Red fruits / Cranberry / Blackcurrant,Patchouli / White cedar / Musk
"La Nuit de L'Homme Frozen Cologne",Yves Saint Laurent,2012,Masculine,,Lemon / Mandarin / Bergamot / Frozen Cocktail Accord,Geranium / Pepper,Tonka Bean / Cashmere Wood / Vetiver / Cedar / Musk
"Paris Premières Roses 2012",Yves Saint Laurent,2012,Feminine,,Wild rose / Violet / Orange blossom,Peony / Lily of the valley / May rose,Sandalwood / White musk
"Manifesto",Yves Saint Laurent,2012,Feminine,Anne Flipo / Loc Dong,Bergamot / Cassis / Green Notes,Jasmin Sambac / Lily of the Valley,Sandalwood / Vanilla / Tonka Bean
"Elle Edition Limitée 2012",Yves Saint Laurent,2012,Feminine,,Mandarin / Grapefruit / Peony,Pink pepper / Raspberry / Sambac jasmine,Amber / Benzoin / Vetiver
"Parisienne à l'Extrême",Yves Saint Laurent,2010,Feminine,,Black elder,Damascus rose / Violet,Musk / Suede / Patchouli
